"岗位名称","工作城市","区域","发布时间","薪资","经验","学历","公司名称","公司类型","公司简介","公司规模","技能要求","相关评价"
"数据分析师","北京","上地","2天前发布","20k-30k","经验3-5年","本科","贝壳","房产家居","上市公司","2000人以上","市场 数据分析","“发展好，福利好”"
"数据分析师","成都","高新区","01:09发布","25k-50k","经验不限","本科","字节跳动","文娱丨内容","C轮","2000人以上","hadoop","“六险一金，免费三餐，带薪休假，职业大牛”"
"数据分析","北京","上地","2天前发布","20k-30k","经验3-5年","本科","贝壳","房产家居","上市公司","2000人以上","MySQL","“16薪,大平台”"
"数据分析师","福州","仓山区","01:17发布","6k-12k","经验1-3年","本科","字节跳动","文娱丨内容","C轮","2000人以上","数据分析","“六险一金,晋升空间大,扁平管理,餐补”"
"高级/资深数据分析师【用户增长】","北京","西北旺","2天前发布","20k-40k","经验3-5年","本科","跟谁学","移动互联网,教育","上市公司","2000人以上","商业 数据分析 数据运营 BI","“六险一金、绩效奖金”"
"销售数据分析","北京","望京","3天前发布","15k-25k","经验3-5年","本科","美团点评","消费生活","上市公司","2000人以上","电商 数据分析 销售支持","“行业发展前景好，团队规模大”"
"数据分析/产品-简约住宿","北京","望京","2020-10-16","20k-25k","经验3-5年","本科","美团点评","消费生活","上市公司","2000人以上","数据分析","“大平台”"
"高级数据分析师","北京","西二旗","2020-10-14","25k-50k","经验3-5年","不限","快手","文娱丨内容","D轮及以上","2000人以上","数据分析","“福利待遇好，大平台，发展好”"
"数据分析实习生","北京","西二旗","2020-10-14","5k-10k","经验在校/应届","本科","快手","文娱丨内容","D轮及以上","2000人以上","MySQL Hive","“领导好、技能培训、规模大”"
"高级数据分析师","上海","漕河泾","2020-10-15","18k-35k","经验3-5年","本科","Shopee","电商","上市公司","500-2000人","电商 移动互联网 MySQL","“专业团队、零食饮料、领导nice、福利好”"
"数据分析师","上海","东方路","1天前发布","15k-25k","经验3-5年","本科","蜻蜓FM","移动互联网","D轮及以上","150-500人","大数据 金融 商业 数据分析","“弹性工作，年轻化团队，行业领先平台”"
"数据分析师","上海","浦东新…","1天前发布","12k-18k","经验1-3年","本科","蜻蜓FM","移动互联网","D轮及以上","150-500人","大数据","“团队氛围好”"
"数据分析师","上海","闵行区","1天前发布","18k-30k","经验3-5年","本科","莉莉丝游戏","移动互联网,游戏","不需要融资","500-2000人","游戏 MySQL SQLServer Python","“核心团队 大平台 领导好 发挥空间大”"
"数据分析师","成都","武侯区","08:53发布","6k-10k","经验3-5年","本科","国研网","企业服务,数据服务","上市公司","150-500人","数据分析 产品设计","“央企,超长年假,工会福利,六险一金,餐补”"
"数据分析师","广州","员村","08:47发布","6k-12k","经验1-3年","本科","上海浩宜信息科技有限公司","数据服务,人工智能","不需要融资","150-500人","数据分析 数据运营","“做五休二，季度绩效、五险一金、定期团建”"
"数据分析师","长沙","开福区","07:46发布","10k-18k","经验3-5年","本科","文思海辉·金融","移动互联网,金融","不需要融资","2000人以上","数据分析 python 数据挖掘 评分卡建模","“数据建模”"
"数据分析师","深圳","南山区","08:57发布","10k-15k","经验在校/应届","本科","吉比特","游戏","上市公司","500-2000人","游戏","“房补餐补、年终奖金、旅游奖金、带薪假”"
"数据分析师","成都","牛王庙","08:49发布","10k-20k","经验不限","不限","星石悦文","金融","未融资","50-150人","金融 数据分析 量化分析 行业研究","“团队聚餐 节日礼物”"
"数据分析师","杭州","拱墅区","08:38发布","10k-19k","经验在校/应届","本科","微博","文娱丨内容","上市公司","2000人以上","数据分析","“大厂平台 扁平团队”"
"数据分析师","青岛","市北区","08:33发布","5k-6k","经验不限","本科","乾璟昶盛服务","数据服务","未融资","50-150人","数据分析 Python 数据库 Linux","“晋升快福利待遇好适合年轻人快速发展的平台”"
"数据分析师","杭州","下沙","08:13发布","4k-8k","经验在校/应届","本科","炼数科技","数据服务","A轮","15-50人","竞品分析 数据分析","“五险一金、半年调薪”"
"数据分析","北京","回龙观","1天前发布","25k-50k","经验5-10年","本科","好未来","教育","上市公司","2000人以上","商业 BI SQL","“年底双薪 带薪年假 上升空间大”"
"高级数据分析师","广州","同德","09:07发布","12k-18k","经验3-5年","不限","广州棒谷科技股份有限公司","电商","不需要融资","2000人以上","电商 社交 增长黑客 数据分析 数据运营 SQL","“五险一金/绩效奖金/全勤奖/创新奖”"
"数据分析师","北京","西北旺","1天前发布","20k-40k","经验3-5年","本科","滴滴","汽车丨出行","不需要融资","2000人以上","数据分析 策略","“六险一金，免费晚餐”"
